feature,mutual_info
ichimoku-tenkan_sup_kinjun_x_tenkan_kinjun_increasing,0.05552127695785325
ichimoku-chiku-free_x_tenkan_proximity,0.04783656810581727
close_sup_sma200_x_kinjun_proximity,0.04283707127689396
kinjun_proximity_x_tenkan_proximity,0.03367697581486406
ichimoku-tenkan_sup_kinjun,0.027347577098016718
ichimoku-chiku-free_x_kinjun_flat,0.023809928108430523
tenkan_kinjun_increasing_x_volume_sup_avg,0.01801323211373207
close_sup_sma200,0.01515023742586763
ichimoku-chiku-free_x_tenkan_kinjun_increasing,0.014927774577451647
tenkan_kinjun_increasing_x_kinjun_proximity,0.013649537971928583
tenkan_proximity_squared,0.013155873343225322
ichimoku-chiku-free_x_kinjun_proximity,0.01188512402409958
tenkan_proximity,0.011327315669760418
kinjun_flat_x_kinjun_proximity,0.010393872752349154
rsi_x_tenkan_proximity,0.01025439809715789
adx_x_volume_sup_avg,0.010197037521699759
close_sup_sma200_x_proximity,0.009733836067200574
kinjun_flat_x_tenkan_proximity,0.009319848746429438
ichimoku-chiku-free_squared,0.008968968965726631
kinjun_proximity_squared,0.00812928778939237
kinjun_proximity,0.007783864180080036
volume_sup_avg,0.007577315529223139
close_sup_sma200_x_tenkan_kinjun_increasing,0.007214773860853452
atr_strength_x_adx,0.0066783785616371105
tenkan_proximity_x_proximity,0.006397088690182073
rsi_squared,0.006341819604184673
volume_sup_avg_squared,0.0062823568128873575
rsi,0.005901609094529858
ichimoku-tenkan_sup_kinjun_x_proximity,0.005601875198447903
rsi_x_ichimoku-tenkan_sup_kinjun,0.005468921500848767
atr_strength_x_ichimoku-tenkan_sup_kinjun,0.004318593008088012
atr_strength_x_volume_sup_avg,0.0030942580658963603
close_sup_sma200_squared,0.0024340448766930756
rsi_x_kinjun_proximity,0.0021809914490109605
tenkan_proximity_x_volume_sup_avg,0.001684678568617759
tenkan_kinjun_increasing_squared,0.0011025851769630446
close_sup_sma200_x_ichimoku-tenkan_sup_kinjun,0.0002273059154607182
kinjun_flat,0.0
tenkan_kinjun_increasing,0.0
ichimoku-chiku-free,0.0
adx,0.0
atr_strength,0.0
rsi_x_adx,0.0
rsi_x_atr_strength,0.0
proximity_squared,0.0
ichimoku-tenkan_sup_kinjun_squared,0.0
atr_strength_squared,0.0
proximity,0.0
adx_squared,0.0
kinjun_flat_squared,0.0
atr_strength_x_kinjun_proximity,0.0
rsi_x_tenkan_kinjun_increasing,0.0
atr_strength_x_close_sup_sma200,0.0
rsi_x_volume_sup_avg,0.0
rsi_x_proximity,0.0
rsi_x_ichimoku-chiku-free,0.0
rsi_x_kinjun_flat,0.0
rsi_x_close_sup_sma200,0.0
close_sup_sma200_x_ichimoku-chiku-free,0.0
close_sup_sma200_x_kinjun_flat,0.0
adx_x_tenkan_proximity,0.0
adx_x_proximity,0.0
adx_x_kinjun_proximity,0.0
adx_x_kinjun_flat,0.0
adx_x_ichimoku-tenkan_sup_kinjun,0.0
adx_x_tenkan_kinjun_increasing,0.0
adx_x_close_sup_sma200,0.0
atr_strength_x_proximity,0.0
atr_strength_x_tenkan_proximity,0.0
adx_x_ichimoku-chiku-free,0.0
atr_strength_x_ichimoku-chiku-free,0.0
atr_strength_x_kinjun_flat,0.0
atr_strength_x_tenkan_kinjun_increasing,0.0
ichimoku-chiku-free_x_ichimoku-tenkan_sup_kinjun,0.0
kinjun_flat_x_proximity,0.0
kinjun_flat_x_tenkan_kinjun_increasing,0.0
ichimoku-chiku-free_x_volume_sup_avg,0.0
kinjun_flat_x_ichimoku-tenkan_sup_kinjun,0.0
ichimoku-chiku-free_x_proximity,0.0
close_sup_sma200_x_tenkan_proximity,0.0
close_sup_sma200_x_volume_sup_avg,0.0
kinjun_flat_x_volume_sup_avg,0.0
tenkan_kinjun_increasing_x_tenkan_proximity,0.0
ichimoku-tenkan_sup_kinjun_x_volume_sup_avg,0.0
ichimoku-tenkan_sup_kinjun_x_kinjun_proximity,0.0
ichimoku-tenkan_sup_kinjun_x_tenkan_proximity,0.0
kinjun_proximity_x_proximity,0.0
tenkan_kinjun_increasing_x_proximity,0.0
kinjun_proximity_x_volume_sup_avg,0.0
proximity_x_volume_sup_avg,0.0
